Email,"Name (Last, First)","Partner Name(s) [First, Last] - if applicable (separate partner names with comma)",Event
briar.zaragoza@example.edu,"Zaragoza, Briar",Fable Pickering,BOR
kit.bracken@example.edu,"Bracken, Kit","Caelan Ibsen, Fern Abbott",BMOR
hollis.edgerton@example.edu,"Edgerton, Hollis","Zara Nesbitt, Lane Galloway",EIB
caelan.ibsen@example.edu,"Ibsen, Caelan","Kit Bracken, Fern Abbott",BMOR
wesley.edgerton@example.edu,"Edgerton, Wesley",Palmer Zimmerman,IBP
devon.bellweather@example.edu,"Bellweather, Devon",Esme Wexford,ESB
esme.wexford@example.edu,"Wexford, Esme",Devon Bellweather,ESB
ford.merriweather@example.edu,"Merriweather, Ford",Cameron Quimby,PMBS
lane.galloway@example.edu,"Galloway, Lane","Zara Nesbitt, Hollis Edgerton",EIB
wesley.zeller@example.edu,"Zeller, Wesley",,IMCE
arden.vandermeer@example.edu,"Vandermeer, Arden","Alex Underwood, Kit Dorsey",IMCP
dakota.bellweather@example.edu,"Bellweather, Dakota",Cody Ridgeway,BMOR
tobin.rothwell@example.edu,"Rothwell, Tobin",,IMCE
blake.lindqvist@example.edu,"Lindqvist, Blake",Opal Granger,BMOR
kit.dorsey@example.edu,"Dorsey, Kit","Arden Vandermeer, Alex Underwood",IMCP
alex.underwood@example.edu,"Underwood, Alex","Arden Vandermeer, Kit Dorsey",IMCP
dov.ivanov@example.edu,"Ivanov, Dov",Zephyr Kowalski,EFB
palmer.zimmerman@example.edu,"Zimmerman, Palmer",Wesley Edgerton,IBP
bodhi.pruitt@example.edu,"Pruitt, Bodhi",,ESB
thea.selwyn@example.edu,"Selwyn, Thea",Hale Granger,ESB
hale.granger@example.edu,"Granger, Hale",Thea Selwyn,ESB
skyler.edgerton@example.edu,"Edgerton, Skyler",,PSE
delaney.ostrander@example.edu,"Ostrander, Delaney",,HTPS
zephyr.kowalski@example.edu,"Kowalski, Zephyr",Dov Ivanov,EFB
iris.nesbitt@example.edu,"Nesbitt, Iris",,HTOR
amari.zamora@example.edu,"Zamora, Amari",Fern Grimsby,SEOR
logan.quarles@example.edu,"Quarles, Logan","Tanner Thackery, Neve Castellano",IBP
hollis.tanaka@example.edu,"Tanaka, Hollis",Cameron Fitzgerald,EFB
neve.castellano@example.edu,"Castellano, Neve","Tanner Thackery, Logan Quarles",IBP
fable.wrenfield@example.edu,"Wrenfield, Fable",,HTPS
emerson.vandergrift@example.edu,"Vandergrift, Emerson",,IMCP
casey.lindqvist@example.edu,"Lindqvist, Casey",Orion Whitfield,ESB
orion.whitfield@example.edu,"Whitfield, Orion",Casey Lindqvist,ESB
harper.underwood@example.edu,"Underwood, Harper",,EIP
poe.doyle@example.edu,"Doyle, Poe","Haven Pickering, Wesley Ellery",BMOR
tanner.thackery@example.edu,"Thackery, Tanner","Neve Castellano, Logan Quarles",IBP
lior.selwyn@example.edu,"Selwyn, Lior",Yara Ellery,ESB
brix.nesbitt@example.edu,"Nesbitt, Brix",Cass Dorsey,BOR
wesley.ellery@example.edu,"Ellery, Wesley","Haven Pickering, Poe Doyle",BMOR
thea.tilden@example.edu,"Tilden, Thea",Dov Northcott,IMCE
yara.ellery@example.edu,"Ellery, Yara",Lior Selwyn,ESB
fern.grimsby@example.edu,"Grimsby, Fern",Amari Zamora,SEOR
fable.pickering@example.edu,"Pickering, Fable",Briar Zaragoza,BOR
parker.westbrook@example.edu,"Westbrook, Parker",Wynn Wrenfield,EIB
cameron.ivanov@example.edu,"Ivanov, Cameron",Onyx Lockwood,BOR
bodhi.ellingham@example.edu,"Ellingham, Bodhi",,PSE
oakley.langford@example.edu,"Langford, Oakley",Prin Larkspur,EIP
nico.dunmore@example.edu,"Dunmore, Nico",,EIP
haven.pickering@example.edu,"Pickering, Haven","Wesley Ellery, Poe Doyle",BMOR
quill.caldwell@example.edu,"Caldwell, Quill",,IMCS
ollie.ito@example.edu,"Ito, Ollie","Tanner Thackery, Neve Castellano",IBP
cass.dorsey@example.edu,"Dorsey, Cass",Brix Nesbitt,BOR
onyx.lockwood@example.edu,"Lockwood, Onyx",Cameron Ivanov,BOR
eden.wilcox@example.edu,"Wilcox, Eden","Hale Gilchrist, Vale Sandoval",EIP
gale.grimsby@example.edu,"Grimsby, Gale",,PSE
indigo.follett@example.edu,"Follett, Indigo",Vin Fitzgerald,BMOR
cass.novak@example.edu,"Novak, Cass",,IMCP
tatum.quillon@example.edu,"Quillon, Tatum",,IBP
hana.zamora@example.edu,"Zamora, Hana",,SEOR
hale.gilchrist@example.edu,"Gilchrist, Hale","Eden Wilcox, Vale Sandoval",EIP
lumen.tremaine@example.edu,"Tremaine, Lumen",Nell Marbury,HTOR
shiloh.nakamura@example.edu,"Nakamura, Shiloh",Parker Vasquez,BMOR
parker.vasquez@example.edu,"Vasquez, Parker",Shiloh Nakamura,BMOR
vale.sandoval@example.edu,"Sandoval, Vale","Hale Gilchrist, Eden Wilcox",EIP
greer.vandermeer@example.edu,"Vandermeer, Greer","Sol Ingram, Sasha Thackery",BOR
emerson.pruitt@example.edu,"Pruitt, Emerson","Remy Ormsby, Haven Bellweather",IMCS
wynn.wrenfield@example.edu,"Wrenfield, Wynn",Parker Westbrook,EIB
iris.ivanov@example.edu,"Ivanov, Iris",Gio Ivanov,IMCS
vin.fitzgerald@example.edu,"Fitzgerald, Vin",Indigo Follett,BMOR
nox.cranfield@example.edu,"Cranfield, Nox",,FOR
gio.ivanov@example.edu,"Ivanov, Gio",Iris Ivanov,IMCS
vin.underwood@example.edu,"Underwood, Vin","Tanner Thackery, Neve Castellano",IBP
jules.zamora@example.edu,"Zamora, Jules","Oakley Hawthorne, Rory Nakamura",EIP
zara.nesbitt@example.edu,"Nesbitt, Zara","Lane Galloway, Hollis Edgerton",EIB
bellamy.ashby@example.edu,"Ashby, Bellamy",Umi Mortimer,BOR
kai.nesbitt@example.edu,"Nesbitt, Kai",Skyler Gilchrist,IMCP
haven.bellweather@example.edu,"Bellweather, Haven","Emerson Pruitt, Remy Ormsby",IMCS
zara.quimby@example.edu,"Quimby, Zara",Adrian Ellingham,ESB
river.lemoine@example.edu,"Lemoine, River","Noel Thornbury, Sable Stroud",SEOR
fern.abbott@example.edu,"Abbott, Fern","Caelan Ibsen, Kit Bracken",BMOR
ford.kingsley@example.edu,"Kingsley, Ford",Maren Hemsworth,EFB
gio.dorsey@example.edu,"Dorsey, Gio",Zion Somerset,HTOR
adrian.ellingham@example.edu,"Ellingham, Adrian",Zara Quimby,ESB
remy.ormsby@example.edu,"Ormsby, Remy","Emerson Pruitt, Haven Bellweather",IMCS
sol.ingram@example.edu,"Ingram, Sol","Sasha Thackery, Greer Vandermeer",BOR
skyler.gilchrist@example.edu,"Gilchrist, Skyler",Kai Nesbitt,IMCP
nox.rutherford@example.edu,"Rutherford, Nox",Cody Quintero,BOR
umi.mortimer@example.edu,"Mortimer, Umi",Bellamy Ashby,BOR
zion.somerset@example.edu,"Somerset, Zion",Gio Dorsey,HTOR
opal.thackery@example.edu,"Thackery, Opal","Rune Hemsworth, Hollis Kirkpatrick",EFB
nell.marbury@example.edu,"Marbury, Nell",Lumen Tremaine,HTOR
rory.zaragoza@example.edu,"Zaragoza, Rory","Denver Danforth, Linden Larkspur",ESB
kai.umberto@example.edu,"Umberto, Kai",,EIP
sasha.thackery@example.edu,"Thackery, Sasha","Sol Ingram, Greer Vandermeer",BOR
gio.stroud@example.edu,"Stroud, Gio",,EIP
onyx.gilchrist@example.edu,"Gilchrist, Onyx",,SEOR
rory.zimmerman@example.edu,"Zimmerman, Rory",,PSE
quinn.prescott@example.edu,"Prescott, Quinn","Blake Thornbury, Ollie Hollingsworth",IMCP
river.cranfield@example.edu,"Cranfield, River",Umi Grimsby,IMCS
umi.grimsby@example.edu,"Grimsby, Umi",River Cranfield,IMCS
remy.fitzgerald@example.edu,"Fitzgerald, Remy",,BOR
rune.hollingsworth@example.edu,"Hollingsworth, Rune",Tatum Bracken,IMCS
opal.granger@example.edu,"Granger, Opal",Blake Lindqvist,BMOR
maren.hemsworth@example.edu,"Hemsworth, Maren",Ford Kingsley,EFB
sable.stroud@example.edu,"Stroud, Sable","River Lemoine, Noel Thornbury",SEOR
shiloh.ellingham@example.edu,"Ellingham, Shiloh",Shiloh Quarles,SEOR
jesse.castellano@example.edu,"Castellano, Jesse",,FCE
denver.danforth@example.edu,"Danforth, Denver","Rory Zaragoza, Linden Larkspur",ESB
denver.jorgensen@example.edu,"Jorgensen, Denver",,ESB
echo.harrowgate@example.edu,"Harrowgate, Echo",,BMOR
tatum.bracken@example.edu,"Bracken, Tatum",Rune Hollingsworth,IMCS
fable.quintanilla@example.edu,"Quintanilla, Fable",,FOR
oakley.hawthorne@example.edu,"Hawthorne, Oakley","Jules Zamora, Rory Nakamura",EIP
rory.nakamura@example.edu,"Nakamura, Rory","Oakley Hawthorne, Jules Zamora",EIP
cody.quintero@example.edu,"Quintero, Cody",Nox Rutherford,BOR
hollis.kirkpatrick@example.edu,"Kirkpatrick, Hollis","Opal Thackery, Rune Hemsworth",EFB
caelan.novak@example.edu,"Novak, Caelan",Remy Hemsworth,ESB
remy.hemsworth@example.edu,"Hemsworth, Remy",Caelan Novak,ESB
denver.chandler@example.edu,"Chandler, Denver",,BOR
casey.quintanilla@example.edu,"Quintanilla, Casey",,IMCP
vera.jessup@example.edu,"Jessup, Vera",,IMCP
linden.larkspur@example.edu,"Larkspur, Linden","Denver Danforth, Rory Zaragoza",ESB
rune.hemsworth@example.edu,"Hemsworth, Rune","Opal Thackery, Hollis Kirkpatrick",EFB
winter.selwyn@example.edu,"Selwyn, Winter",,EIB
nova.halloway@example.edu,"Halloway, Nova","Reagan Fairbanks, Ember Upshaw",HTOR
ember.upshaw@example.edu,"Upshaw, Ember","Reagan Fairbanks, Nova Halloway",HTOR
cameron.fitzgerald@example.edu,"Fitzgerald, Cameron",Hollis Tanaka,EFB
ollie.ulster@example.edu,"Ulster, Ollie",,IBP
avery.lockwood@example.edu,"Lockwood, Avery","Yara Rutherford, Adrian Ibsen",SEOR
adrian.ibsen@example.edu,"Ibsen, Adrian","Yara Rutherford, Avery Lockwood",SEOR
jamie.alderton@example.edu,"Alderton, Jamie",,HTPS
yara.rutherford@example.edu,"Rutherford, Yara","Adrian Ibsen, Avery Lockwood",SEOR
dov.northcott@example.edu,"Northcott, Dov",Thea Tilden,IMCE
odin.wexford@example.edu,"Wexford, Odin",,HTPS
lior.wrenfield@example.edu,"Wrenfield, Lior",,FCE
noel.thornbury@example.edu,"Thornbury, Noel","River Lemoine, Sable Stroud",SEOR
opal.vasquez@example.edu,"Vasquez, Opal",,HTPS
lumen.brightwater@example.edu,"Brightwater, Lumen","Wynn Ellingham, Keaton Oakhurst",BOR
cyan.ashby@example.edu,"Ashby, Cyan",Dune Vandergrift,BMOR
briar.zaragoza@example.edu,"Zaragoza, Briar",,RFSM
kit.bracken@example.edu,"Bracken, Kit",,PHT
hollis.edgerton@example.edu,"Edgerton, Hollis",,PFL
caelan.ibsen@example.edu,"Ibsen, Caelan",,PEN
wesley.edgerton@example.edu,"Edgerton, Wesley",,PEN
devon.bellweather@example.edu,"Bellweather, Devon",,PMK
esme.wexford@example.edu,"Wexford, Esme",,PEN
ford.merriweather@example.edu,"Merriweather, Ford",Skyler Edgerton,STDM
lane.galloway@example.edu,"Galloway, Lane",,PBM
wesley.zeller@example.edu,"Zeller, Wesley",,QSRM
arden.vandermeer@example.edu,"Vandermeer, Arden",,PHT
dakota.bellweather@example.edu,"Bellweather, Dakota",,PFN
tobin.rothwell@example.edu,"Rothwell, Tobin",,PMK
blake.lindqvist@example.edu,"Lindqvist, Blake",,PHT
kit.dorsey@example.edu,"Dorsey, Kit",,PHT
alex.underwood@example.edu,"Underwood, Alex",,PHT
dov.ivanov@example.edu,"Ivanov, Dov",,PFN
palmer.zimmerman@example.edu,"Zimmerman, Palmer",,MCS
bodhi.pruitt@example.edu,"Pruitt, Bodhi",,PMK
thea.selwyn@example.edu,"Selwyn, Thea",Hale Granger,BLTDM
hale.granger@example.edu,"Granger, Hale",Thea Selwyn,BLTDM
skyler.edgerton@example.edu,"Edgerton, Skyler",Ford Merriweather,STDM
delaney.ostrander@example.edu,"Ostrander, Delaney",,RFSM
zephyr.kowalski@example.edu,"Kowalski, Zephyr",,PFN
iris.nesbitt@example.edu,"Nesbitt, Iris",Yara Rutherford,MTDM
amari.zamora@example.edu,"Zamora, Amari",,PMK
logan.quarles@example.edu,"Quarles, Logan",,PFN
hollis.tanaka@example.edu,"Tanaka, Hollis",Yara Ellery,HTDM
neve.castellano@example.edu,"Castellano, Neve",,PEN
fable.wrenfield@example.edu,"Wrenfield, Fable",,HLM
emerson.vandergrift@example.edu,"Vandergrift, Emerson",,AAM
casey.lindqvist@example.edu,"Lindqvist, Casey",,PHT
orion.whitfield@example.edu,"Whitfield, Orion",,PHT
harper.underwood@example.edu,"Underwood, Harper",,PHT
poe.doyle@example.edu,"Doyle, Poe",,PMK
tanner.thackery@example.edu,"Thackery, Tanner",,PEN
lior.selwyn@example.edu,"Selwyn, Lior",,PBM
brix.nesbitt@example.edu,"Nesbitt, Brix",,PBM
wesley.ellery@example.edu,"Ellery, Wesley",,PFN
thea.tilden@example.edu,"Tilden, Thea",,PBM
yara.ellery@example.edu,"Ellery, Yara",Hollis Tanaka,HTDM
fern.grimsby@example.edu,"Grimsby, Fern",,PEN
fable.pickering@example.edu,"Pickering, Fable",,ENT
parker.westbrook@example.edu,"Westbrook, Parker",,RFSM
cameron.ivanov@example.edu,"Ivanov, Cameron",,PFN
bodhi.ellingham@example.edu,"Ellingham, Bodhi",,HRM
oakley.langford@example.edu,"Langford, Oakley",,PBM
nico.dunmore@example.edu,"Dunmore, Nico",,SEM
haven.pickering@example.edu,"Pickering, Haven",,PEN
quill.caldwell@example.edu,"Caldwell, Quill",,PHT
ollie.ito@example.edu,"Ito, Ollie",,PEN
cass.dorsey@example.edu,"Dorsey, Cass",,PHT
onyx.lockwood@example.edu,"Lockwood, Onyx",,PFN
eden.wilcox@example.edu,"Wilcox, Eden",,PEN
gale.grimsby@example.edu,"Grimsby, Gale",River Lemoine,TTDM
indigo.follett@example.edu,"Follett, Indigo",,PBM
cass.novak@example.edu,"Novak, Cass",,PMK
tatum.quillon@example.edu,"Quillon, Tatum",,RMS
hana.zamora@example.edu,"Zamora, Hana",,PMK
hale.gilchrist@example.edu,"Gilchrist, Hale",,PEN
lumen.tremaine@example.edu,"Tremaine, Lumen",Nell Marbury,BTDM
shiloh.nakamura@example.edu,"Nakamura, Shiloh",,AAM
parker.vasquez@example.edu,"Vasquez, Parker",,PEN
vale.sandoval@example.edu,"Sandoval, Vale",,PMK
greer.vandermeer@example.edu,"Vandermeer, Greer",,PHT
emerson.pruitt@example.edu,"Pruitt, Emerson",,PBM
wynn.wrenfield@example.edu,"Wrenfield, Wynn",,RFSM
iris.ivanov@example.edu,"Ivanov, Iris",,PEN
vin.fitzgerald@example.edu,"Fitzgerald, Vin",,PBM
nox.cranfield@example.edu,"Cranfield, Nox",,PBM
gio.ivanov@example.edu,"Ivanov, Gio",,MCS
vin.underwood@example.edu,"Underwood, Vin",,PEN
jules.zamora@example.edu,"Zamora, Jules",,PFN
zara.nesbitt@example.edu,"Nesbitt, Zara",,PBM
bellamy.ashby@example.edu,"Ashby, Bellamy",,PEN
kai.nesbitt@example.edu,"Nesbitt, Kai",,PMK
haven.bellweather@example.edu,"Bellweather, Haven",,PMK
zara.quimby@example.edu,"Quimby, Zara",,ENT
river.lemoine@example.edu,"Lemoine, River",Gale Grimsby,TTDM
fern.abbott@example.edu,"Abbott, Fern",,PMK
ford.kingsley@example.edu,"Kingsley, Ford",,PHT
gio.dorsey@example.edu,"Dorsey, Gio",,PHT
adrian.ellingham@example.edu,"Ellingham, Adrian",,PEN
remy.ormsby@example.edu,"Ormsby, Remy",,PMK
sol.ingram@example.edu,"Ingram, Sol",,PEN
skyler.gilchrist@example.edu,"Gilchrist, Skyler",,PFN
nox.rutherford@example.edu,"Rutherford, Nox",,PBM
umi.mortimer@example.edu,"Mortimer, Umi",,PFN
zion.somerset@example.edu,"Somerset, Zion",,PHT
opal.thackery@example.edu,"Thackery, Opal",,PEN
nell.marbury@example.edu,"Marbury, Nell",Lumen Tremaine,BTDM
rory.zaragoza@example.edu,"Zaragoza, Rory",,PEN
kai.umberto@example.edu,"Umberto, Kai",,PEN
sasha.thackery@example.edu,"Thackery, Sasha",,PFN
gio.stroud@example.edu,"Stroud, Gio",,HRM
onyx.gilchrist@example.edu,"Gilchrist, Onyx",,HRM
rory.zimmerman@example.edu,"Zimmerman, Rory",Ollie Ulster,MTDM
quinn.prescott@example.edu,"Prescott, Quinn",,PBM
river.cranfield@example.edu,"Cranfield, River",Umi Grimsby,BTDM
umi.grimsby@example.edu,"Grimsby, Umi",River Cranfield,BTDM
remy.fitzgerald@example.edu,"Fitzgerald, Remy",,PFN
rune.hollingsworth@example.edu,"Hollingsworth, Rune",,PHT
opal.granger@example.edu,"Granger, Opal",,PHT
maren.hemsworth@example.edu,"Hemsworth, Maren",,PMK
sable.stroud@example.edu,"Stroud, Sable",,HRM
shiloh.ellingham@example.edu,"Ellingham, Shiloh",Shiloh Quarles,STDM
jesse.castellano@example.edu,"Castellano, Jesse",,PFL
denver.danforth@example.edu,"Danforth, Denver",,PEN
denver.jorgensen@example.edu,"Jorgensen, Denver",,PEN
echo.harrowgate@example.edu,"Harrowgate, Echo",,PMK
tatum.bracken@example.edu,"Bracken, Tatum",,AAM
fable.quintanilla@example.edu,"Quintanilla, Fable",,MCS
oakley.hawthorne@example.edu,"Hawthorne, Oakley",,PEN
rory.nakamura@example.edu,"Nakamura, Rory",,PFN
cody.quintero@example.edu,"Quintero, Cody",,PBM
hollis.kirkpatrick@example.edu,"Kirkpatrick, Hollis",,PHT
caelan.novak@example.edu,"Novak, Caelan",,PMK
remy.hemsworth@example.edu,"Hemsworth, Remy",,PMK
denver.chandler@example.edu,"Chandler, Denver",,PFN
casey.quintanilla@example.edu,"Quintanilla, Casey",,PMK
vera.jessup@example.edu,"Jessup, Vera",,PMK
linden.larkspur@example.edu,"Larkspur, Linden",,PEN
rune.hemsworth@example.edu,"Hemsworth, Rune",,PEN
winter.selwyn@example.edu,"Selwyn, Winter",,RFSM
nova.halloway@example.edu,"Halloway, Nova",,FMS
ember.upshaw@example.edu,"Upshaw, Ember",,RFSM
cameron.fitzgerald@example.edu,"Fitzgerald, Cameron",,ENT
ollie.ulster@example.edu,"Ulster, Ollie",Rory Zimmerman,MTDM
avery.lockwood@example.edu,"Lockwood, Avery",,HRM
adrian.ibsen@example.edu,"Ibsen, Adrian",,ASM
jamie.alderton@example.edu,"Alderton, Jamie",,SEM
yara.rutherford@example.edu,"Rutherford, Yara",Iris Nesbitt,MTDM
dov.northcott@example.edu,"Northcott, Dov",,HLM
odin.wexford@example.edu,"Wexford, Odin",,QSRM
lior.wrenfield@example.edu,"Wrenfield, Lior",Cameron Quimby,FTDM
noel.thornbury@example.edu,"Thornbury, Noel",,ENT
opal.vasquez@example.edu,"Vasquez, Opal",,HLM
lumen.brightwater@example.edu,"Brightwater, Lumen",,FMS
cyan.ashby@example.edu,"Ashby, Cyan",Dune Vandergrift,TTDM
